,ID,Value
0,PGI,0.5824694912089697
1,PFK,0.5629148540735585
2,FBA,0.5628117515515654
3,TPI,0.562811729760404
4,GDH,1.1358793570968249
5,PGK,1.1358794072142264
6,GPM,1.03996687685082
7,ENO,1.039966897697012
8,PYK,0.14697835831827433
9,ZWF,0.08412849589386123
10,PGL,0.08412837905483939
11,GND,0.04645022816323381
12,RPE,-0.01511673163972012
13,RPI,0.06156675615446191
14,X5P_GAP_TKT,-0.015117027913738451
15,F6P_E4P_TKT,-0.01913623092765015
16,S7P_R5P_TKT,0.004019127644092719
17,F6P_GAP_TAL,0.004018958313509616
18,S7P_E4P_TAL,0.004019054154049032
19,FBP,0.00010300924164556065
20,PPC,0.2458109930446722
21,PCK,0.06584530419278369
22,PPS,0.0
23,MAD,0.0070183577042363336
24,PDH,0.6897172609302724
25,GLT,0.4383704949353709
26,ACN_1,0.43837035938436075
27,ACN_2,0.4383703143254072
28,ICD,0.4274342271890738
29,LPD,0.35819559522756383
30,SK,0.35819490960266626
31,SDH,0.3691280094549461
32,FUMA,0.36912803346875944
33,MQO,2.6448191439393196
34,MDH,2.271773345338487
35,ACEA,0.010935944225566424
36,ACEB,0.010935944221125512
37,ACEK_1,0.0017045360476222596
38,ACEK_2,0.001704536050668883
39,EDD,0.03767800138876592
40,EDA,0.03767790092412744
41,NADH_req,0.7493033251504463
42,PNT_req,-0.596229008843512
43,ADK,0.09100850660563507
44,ATP_syn,3.2545576278646253
45,CYA,0.005783311312531539
46,DOS,0.0057833799390509455
47,ACK,0.08523011232235962
48,ACS,0.0852251873831958
49,PTA,0.08523013029947507
50,PTS_0,0.6797657542679336
51,PTS_1,0.6797657345681444
52,PTS_2,0.6797657172602811
53,PTS_3,0.679765765746717
54,PTS_4,0.67976572530952
55,GLC_feed,0.73
56,CYTBO,1.2821106183104147
57,SQR_,0.3691279882021074
58,NDHII,1.07274412428175
59,GROWTH,0.00011350595159346217
60,ATP_MAINTENANCE,0.7055195046638093
61,XCH_GLC,0.6798962716717888
62,PIT,0.23586773830168106
63,XCH_P,0.23586773801152072
64,XCH_ACE1,4.925182241024497e-06
65,_ACE_OUT,4.899786379499306e-06
66,XCH_ACE2,4.925119005353271e-06
67,GL6P_HYDROLYSIS,1.1060543210244253e-07
