,ID,Value
0,PGI,0.0
1,PFK,0.0693931925222878
2,FBA,0.0693558283659668
3,TPI,0.06935552732509852
4,GDH,0.2368270802453214
5,PGK,0.2368269784198671
6,GPM,0.23630896563106485
7,ENO,0.23630894527789525
8,PYK,0.14222656831826438
9,ZWF,0.16803227366733617
10,PGL,0.16801456587445698
11,GND,0.10444703416525339
12,RPE,0.0693821024903335
13,RPI,0.035064375467346594
14,X5P_GAP_TKT,0.06938129713984427
15,F6P_E4P_TKT,0.034627876849811515
16,S7P_R5P_TKT,0.03475340554701811
17,F6P_GAP_TAL,0.034753042816011014
18,S7P_E4P_TAL,0.03475305533502223
19,FBP,3.7138542436947785e-05
20,PPC,0.016645913547088585
21,PCK,0.12759115637114066
22,PPS,7.69872903862298e-06
23,MAD,0.0016046993362702716
24,PDH,0.41123014348218273
25,GLT,0.2962955973302776
26,ACN_1,0.2962651100611171
27,ACN_2,0.29625421778412503
28,ICD,0.18259394116329025
29,LPD,0.18221818168831133
30,SK,0.1822167159582072
31,SDH,0.29583881360848435
32,FUMA,0.2958389932537285
33,MQO,2.2930842781944207
34,MDH,1.8852243717198756
35,ACEA,0.11362460807558956
36,ACEB,0.11362468561285428
37,ACEK_1,0.0017125830739806798
38,ACEK_2,0.0017125829702514255
39,EDD,0.0635408701519559
40,EDA,0.06353229958050854
41,NADH_req,0.5276960778094771
42,PNT_req,0.44883930909554826
43,ADK,0.03265275846750038
44,ATP_syn,2.5037964098480483
45,CYA,0.004239081770232547
46,DOS,0.004238252254747447
47,ACK,0.02840839926780418
48,ACS,0.028406716070450082
49,PTA,0.028410677611867115
50,PTS_0,0.20485566251815823
51,PTS_1,0.20485566181918108
52,PTS_2,0.20485565983209852
53,PTS_3,0.20485547623926395
54,PTS_4,0.20485547611422858
55,GLC_feed,0.73
56,CYTBO,0.9928222625486661
57,SQR_,0.2958381747123178
58,NDHII,0.754250895134813
59,GROWTH,6.13001294568811e-07
60,ATP_MAINTENANCE,2.810770001140247
61,XCH_GLC,0.20615957493880233
62,PIT,0.03817674931421692
63,XCH_P,0.038176734848847795
64,XCH_ACE1,1.6825794538955032e-06
65,_ACE_OUT,1.5925657577281917e-06
66,XCH_ACE2,1.682355245303056e-06
67,GL6P_HYDROLYSIS,1.0521465246849059e-05
